url,locale,keywords
https://proactivitis.com/sosua/party-boat,es,"Sosua party boat, Sosua party boats, Sosua boat party, party boat prices in Sosua, best party boat in Sosua, Sosua snorkeling boat, Sosua private boat tour, private yacht charter in Sosua, Sosua catamaran party, Puerto Plata boat party"
https://proactivitis.com/en/sosua/party-boat,en,"Sosua party boat, Sosua party boats, Sosua boat party, party boat prices in Sosua, best party boat in Sosua, Sosua snorkeling boat, Sosua private boat tour, private yacht charter in Sosua, Sosua catamaran party, Puerto Plata boat party"
https://proactivitis.com/fr/sosua/party-boat,fr,"Sosua party boat, Sosua party boats, Sosua boat party, party boat prices in Sosua, best party boat in Sosua, Sosua snorkeling boat, Sosua private boat tour, private yacht charter in Sosua, Sosua catamaran party, Puerto Plata boat party"
https://proactivitis.com/sosua/party-boat/sosua-party-boat,es,"Sosua party boat, Sosua boat party, party boat prices in Sosua, best party boat in Sosua, Puerto Plata boat party"
https://proactivitis.com/en/sosua/party-boat/sosua-party-boat,en,"Sosua party boat, Sosua boat party, party boat prices in Sosua, best party boat in Sosua, Puerto Plata boat party"
https://proactivitis.com/fr/sosua/party-boat/sosua-party-boat,fr,"Sosua party boat, Sosua boat party, party boat prices in Sosua, best party boat in Sosua, Puerto Plata boat party"
https://proactivitis.com/sosua/party-boat/luxury-yacht-rental-sosua,es,"luxury yacht rental in Sosua, private yacht charter Sosua, VIP party boat Sosua, luxury catamaran in Sosua"
https://proactivitis.com/en/sosua/party-boat/luxury-yacht-rental-sosua,en,"luxury yacht rental in Sosua, private yacht charter Sosua, VIP party boat Sosua, luxury catamaran in Sosua"
https://proactivitis.com/fr/sosua/party-boat/luxury-yacht-rental-sosua,fr,"luxury yacht rental in Sosua, private yacht charter Sosua, VIP party boat Sosua, luxury catamaran in Sosua"
https://proactivitis.com/sosua/party-boat/sosua-bachelor-party-boat,es,"Sosua bachelor party boat, Sosua bachelorette party boat, stag do boat party Sosua, group party boat in Sosua"
https://proactivitis.com/en/sosua/party-boat/sosua-bachelor-party-boat,en,"Sosua bachelor party boat, Sosua bachelorette party boat, stag do boat party Sosua, group party boat in Sosua"
https://proactivitis.com/fr/sosua/party-boat/sosua-bachelor-party-boat,fr,"Sosua bachelor party boat, Sosua bachelorette party boat, stag do boat party Sosua, group party boat in Sosua"
https://proactivitis.com/sosua/party-boat/cheap-party-boat-sosua,es,"cheap party boat Sosua, affordable boat rental in Sosua, shared boat tour Sosua, party boat deals in Sosua"
https://proactivitis.com/en/sosua/party-boat/cheap-party-boat-sosua,en,"cheap party boat Sosua, affordable boat rental in Sosua, shared boat tour Sosua, party boat deals in Sosua"
https://proactivitis.com/fr/sosua/party-boat/cheap-party-boat-sosua,fr,"cheap party boat Sosua, affordable boat rental in Sosua, shared boat tour Sosua, party boat deals in Sosua"
https://proactivitis.com/sosua/party-boat/sosua-snorkeling-and-party-boat,es,"Sosua snorkeling and party boat, Sosua catamaran tour with open bar, Sosua bay boat trip, snorkel cruise in Sosua"
https://proactivitis.com/en/sosua/party-boat/sosua-snorkeling-and-party-boat,en,"Sosua snorkeling and party boat, Sosua catamaran tour with open bar, Sosua bay boat trip, snorkel cruise in Sosua"
https://proactivitis.com/fr/sosua/party-boat/sosua-snorkeling-and-party-boat,fr,"Sosua snorkeling and party boat, Sosua catamaran tour with open bar, Sosua bay boat trip, snorkel cruise in Sosua"
https://proactivitis.com/sosua/party-boat/sosua-sunset-boat-party,es,"Sosua sunset boat party, sunset cruise in Sosua, evening boat party Sosua, romantic sunset cruise Puerto Plata"
https://proactivitis.com/en/sosua/party-boat/sosua-sunset-boat-party,en,"Sosua sunset boat party, sunset cruise in Sosua, evening boat party Sosua, romantic sunset cruise Puerto Plata"
https://proactivitis.com/fr/sosua/party-boat/sosua-sunset-boat-party,fr,"Sosua sunset boat party, sunset cruise in Sosua, evening boat party Sosua, romantic sunset cruise Puerto Plata"
https://proactivitis.com/sosua/party-boat/private-boat-hire-sosua,es,"private boat hire Sosua, birthday party boat Sosua, corporate boat events Sosua, private catamaran Sosua"
https://proactivitis.com/en/sosua/party-boat/private-boat-hire-sosua,en,"private boat hire Sosua, birthday party boat Sosua, corporate boat events Sosua, private catamaran Sosua"
https://proactivitis.com/fr/sosua/party-boat/private-boat-hire-sosua,fr,"private boat hire Sosua, birthday party boat Sosua, corporate boat events Sosua, private catamaran Sosua"
https://proactivitis.com/sosua/party-boat/best-boat-tours-in-sosua-review,es,"best boat tours in Sosua, Sosua party boat vs catamaran, top rated boat rentals in Sosua, Puerto Plata boat party reviews"
https://proactivitis.com/en/sosua/party-boat/best-boat-tours-in-sosua-review,en,"best boat tours in Sosua, Sosua party boat vs catamaran, top rated boat rentals in Sosua, Puerto Plata boat party reviews"
https://proactivitis.com/fr/sosua/party-boat/best-boat-tours-in-sosua-review,fr,"best boat tours in Sosua, Sosua party boat vs catamaran, top rated boat rentals in Sosua, Puerto Plata boat party reviews"
https://proactivitis.com/sosua/party-boat/last-minute-boat-rental-sosua,es,"last minute boat rental Sosua, book a boat in Sosua today, same day party boat Sosua, available boat rentals Sosua"
https://proactivitis.com/en/sosua/party-boat/last-minute-boat-rental-sosua,en,"last minute boat rental Sosua, book a boat in Sosua today, same day party boat Sosua, available boat rentals Sosua"
https://proactivitis.com/fr/sosua/party-boat/last-minute-boat-rental-sosua,fr,"last minute boat rental Sosua, book a boat in Sosua today, same day party boat Sosua, available boat rentals Sosua"
https://proactivitis.com/sosua/party-boat/puerto-plata-party-boat,es,"Puerto Plata party boat, party boat from Amber Cove, Taino Bay boat excursions, boat trips near Puerto Plata"
https://proactivitis.com/en/sosua/party-boat/puerto-plata-party-boat,en,"Puerto Plata party boat, party boat from Amber Cove, Taino Bay boat excursions, boat trips near Puerto Plata"
https://proactivitis.com/fr/sosua/party-boat/puerto-plata-party-boat,fr,"Puerto Plata party boat, party boat from Amber Cove, Taino Bay boat excursions, boat trips near Puerto Plata"
